iter	RMSE
0	37.43446564
1	35.88456071
2	34.68000819
3	33.19421701
4	31.8882923
5	30.45079178
6	29.59651328
7	28.77271667
8	28.14871747
9	27.40733599
10	26.66162729
11	25.82925916
12	25.210051
13	24.47613262
14	23.74227578
15	23.42588224
16	23.0132009
17	22.57023584
18	22.12022074
19	21.55362371
